missionID,Level,Progressive,Agent,Value Premium,Value Freemium,Type,Text ES,Text EN,Text CA,Text FR,Text GER,Text IT,Text PT,Text RUS,Text CHIN
1,1,NO,ANY,200,300,Distancia,Desciende #VALUE#m en una misma partida,Go down #VALUE#m in a single game,Baixa #VALUE#m en una mateixa partida,Descendez de #VALUE#m en une seule partie,Grabe #VALUE#m tief in einem einzelnen Spiel.,Scendi per #VALUE#m in un'unica partita,Desça #VALUE#m em um único jogo,Накопай #VALUE#m за одну игру,在单次游戏中下降#VALUE#米
2,1,NO,ANY,150,200,Oro,Consigue #VALUE# de oro en una misma partida,Get #VALUE# pieces of gold in a single game,Aconsegueix #VALUE# d'or en una mateixa partida,Obtenez #VALUE# pièces d'or en une seule partie,Sammle #VALUE# Goldstücke in einem einzelnen Spiel.,Ottieni #VALUE# pepite d'oro in un'unica partita,Obtenha #VALUE# pepitas de ouro em um único jogo,Набери #VALUE# слитков золота за одну игру,在单次游戏中获得#VALUE#块黄金
3,1,NO,ANY,7,10,Minas,Activa #VALUE# minas en una misma partida,Activate #VALUE# mines in a single game,Activa #VALUE# mines en una mateixa partida,Activez #VALUE# mines en une seule partie,Aktiviere #VALUE# Minen in einem einzelnen Spiel.,Attiva #VALUE# mine in un'unica partita,Ative #VALUE# minas em um único jogo,Активируй #VALUE# мин за одну игру,在单次游戏中激活#VALUE#个矿井
4,2,NO,ANY,boost_tier1,boost_tier1,Boost_meters,Utiliza una unidad propulsora comprada en la tienda,Buy and use a disposable boost unit,Utilitza una unitat propulsora comprada en la tenda,Achetez et utilisez une unité de propulsion jetable,Kaufe einen Einweg-Booster und verwende ihn.,Acquista e usa un'unità di potenziamento monouso,Compre e use um reforço descartável,Купи и используй расходуемый ускоритель,购买和使用的一次性加成单元
5,2,YES,ANY,10,20,megagold,Recolecta #VALUE# mega-oros,Collect #VALUE# mega-gold pieces,Recol·lecta #VALUE# mega-ors,Récupérez #VALUE# méga pièces d'or,Sammle #VALUE# Mega-Goldstücke.,Raccogli #VALUE# mega pepite d'oro,Colete #VALUE# megapepitas de ouro,Собери #VALUE# суперслитков золота,收集#VALUE#个巨型金块
6,2,NO,ANY,1,1,Enemigos,¡Cae encima de un alien y aplástalo!,Fall on an alien and crush it!,Cau damunt d'un alien i aixafa'l!,Tombez sur un extraterrestre et écrabouillez-le !,Lande auf einem Alien und zerquetsche es!,Cadi su un alieno e schiaccialo!,Caia em cima de um alienígena e o esmague!,Прыгни на ксеноса и раздави его!,袭击并击溃外星人！
7,3,NO,ANY,5,5,Rachas_Consecutivas,Recarga el poder encadenando #VALUE# rachas de oro,Charge Roger's ability chaining #VALUE# gold streaks,Recàrrega el poder encadenant #VALUE# ratxes d'or,Rechargez l'énergie de Roger en enchaînant #VALUE# séries d'or,Lad Rogers Kraft mit #VALUE# Goldsträhnen in Folge wieder auf.,Ricarica il potere prendendo #VALUE# pepite d'oro di seguito,Recarregue o poder encadeando #VALUE# rajadas de ouro ,"Восстановите способность, соединив #VALUE# золотых полос",#VALUE# 个金条纹连串为 Roger 充能
8,3,NO,ANY,,,PowerLevel2RogerUsed,Utiliza el poder mejorado de Roger pulsando ESPACIO,Use the upgraded Roger's ability by pressing SPACE,Utilitza el poder millorat de Roger prement ESPAI,Utilisez l'énergie améliorée en appuyant sur SPACE,Nutz Rogers höhere Kraft durch Drücken auf die LEERTASTE,Usa il potere migliorato di Roger premendo SPACE,Use o poder melhorado pressionando ESPAÇO,"Используйте обновленную способность, нажав ПРОБЕЛ",按空格键使用 Roger 升级后的能力
9,3,YES,ANY,20,20,Arenisca,Deslízate por #VALUE# bloques de arenisca,Sprint across #VALUE# blocks of sandstone,Llisca't per #VALUE# blocs d'arenisca,Courez à travers #VALUE# blocs de sable,Sprinte über #VALUE# Sandsteinblöcke.,Sfreccia attraverso #VALUE# blocchi di arenaria,Corra através de #VALUE# blocos de areia,Пробеги по #VALUE# песчаным блокам,冲刺穿过#VALUE#块砂岩
10,4,YES,ANY,450,700,Oro,Consigue #VALUE# de oro,Get #VALUE# pieces of gold,Aconsegueix #VALUE# d'or,Obtenez #VALUE# pièces d'or,Sammle #VALUE# Goldstücke.,Ottieni #VALUE# pepite d'oro,Obtenha #VALUE# pepitas de ouro,Набери #VALUE# слитков золота,获得#VALUE#块黄金
11,4,NO,ANY,400,600,Distancia,Desciende #VALUE#m en una misma partida,Go down #VALUE#m in a single game,Baixa #VALUE#m en una mateixa partida,Descendez de #VALUE#m en une seule partie,Grabe #VALUE#m tief in einem einzelnen Spiel.,Scendi per #VALUE#m in un'unica partita,Desça #VALUE#m em um único jogo,Накопай #VALUE#m за одну игру,在单次游戏中下降#VALUE#米
12,4,NO,ANY,boost_tier2,boost_tier2,Boost_meters,Utiliza una unidad propulsora mejorada en la tienda,Use an upgraded boost unit,Utilitza una unitat propulsora millorada en la tenda,Utilisez une unité de propulsion améliorée,Verwende einen verbesserten Booster.,Usa un'unità di potenziamento migliorata,Use uma unidade de reforço melhorada,Используй улучшенный ускоритель,使用一个升级的加成单元
13,5,NO,ANY,shield_tier1,shield_tier1,Escudo_seconds,Recoge un escudo para protegerte de cualquier peligro,Use a shield unit ,Recull un escut per protegir-te de qualsevol perill,Utilisez une unité de bouclier,Verwende einen Schild.,Usa un'unità di scudo ,Use uma unidade de escudo ,Используй щит ,使用一个屏蔽单元 
14,5,YES,ANY,8,12,Enemigos,Acaba con #VALUE# criaturas alien,Destroy #VALUE# aliens,Acaba amb #VALUE# criatures alien,Détruisez #VALUE# extraterrestres,Vernichte #VALUE# Aliens.,Distruggi #VALUE# alieni,Destrua #VALUE# alienígenas,Уничтожь #VALUE# ксеносов,消灭#VALUE#个外星人
15,5,NO,ANY,15,25,megagold,Recolecta #VALUE# mega-oros en una misma partida,Collect #VALUE# mega-gold pieces in a single game,Recol·lecta #VALUE# mega-ors en una mateixa partida,Récupérez #VALUE# méga pièces d'or en une seule partie,Sammle #VALUE# Mega-Goldstücke in einem einzelnen Spiel.,Raccogli #VALUE# mega pepite d'oro in un'unica partita,Colete #VALUE# megapepitas de ouro em um único jogo,Собери #VALUE# суперслитков золота за одну игру,在单次游戏中收集#VALUE#个巨型金块
16,6,YES,LILA,1500,1500,Oro,Consigue #VALUE# de oro con #AGENT#,Get #VALUE# pieces of gold with #AGENT#,Aconsegueix #VALUE# amb la #AGENT#,Obtenez #VALUE# pièces d'or avec #AGENT#,Sammle #VALUE# Goldstücke mit #AGENT#.,Ottieni #VALUE# pepite d'oro con #AGENT#,Obtenha #VALUE# pepitas de ouro com #AGENT#,Набери #VALUE# слитков золота с помощью #AGENT#,用#AGENT#获得#VALUE#块黄金
17,6,NO,ANY,1,1,Enemigos_crepusculo,Aplasta a un alien escupidor,Crush a spitter alien,Aixafa a un alien escupidor,Écrabouillez un extraterrestre mitosique,Zerquetsche ein Spitter-Alien.,Schiaccia un alieno divisore,Esmague um alienígena divisor,Раздави ксеноса-секача,粉碎一个分形外星人
18,6,NO,ANY,20,35,Minas,Activa #VALUE# minas en una misma partida,Activate #VALUE# mines in a single game,Activa #VALUE# mines en una mateixa partida,Activez #VALUE# mines en une seule partie,Aktiviere #VALUE# Minen in einem einzigen Spiel.,Attiva #VALUE# mine in un'unica partita,Ative #VALUE# minas em um único jogo,Активируй #VALUE# мин за одну игру,在单次游戏中激活#VALUE#个矿井
19,7,NO,ANY,,,ZoneBase,Descubre una base militar abandonada,Discover an abandoned military base,Descobreix una base militar abandonada,Découvrez une base militaire abandonnée,Entdecke eine verlassene Militärbasis.,Scopri una base militare abbandonata,Descubra uma base militar abandonada,Найди заброшенную военную базу,发现一个废弃的军事基地
20,7,YES,ANY,40,50,Arenisca,Deslízate por #VALUE# bloques de arenisca,Sprint across #VALUE# blocks of sandstone,Llisca't per #VALUE# blocs d'arenisca,Courez à travers #VALUE# blocs de sable,Sprinte über #VALUE# Sandsteinblöcke.,Sfreccia attraverso #VALUE# blocchi di arenaria,Corra através de #VALUE# blocos de areia,Пробеги по #VALUE# песчаным блокам,冲刺穿过#VALUE#块砂岩
21,7,NO,ANY,200,200,AlienNoCrush,Recorre los primeros #VALUE#m sin aplastar ningún alien,Don't crush any aliens in your first #VALUE#m ,Recorre els primers #VALUE#m sense aixafar cap alien,N'écrabouillez aucun extraterrestre durant les premiers #VALUE#m,Zerquetsche keine Aliens auf den ersten #VALUE#m.,Non schiacciare alcun alieno nei primi #VALUE#m,Não esmague alienígenas em seus primeiros #VALUE#m ,Не раздави ни одного ксеноса в своих первых #VALUE#m ,在你开始的#VALUE#米不要粉碎任何外星人 
22,8,NO,ANY,shield_tier2,shield_tier2,Escudo_seconds,Utiliza un escudo mejorado en la tienda,Use an upgraded shield unit,Utilitza un escut millorat en la tenda,Utilisez une unité de bouclier améliorée,Verwende einen verbesserten Schild.,Usa un'unità di scudo migliorata,Use uma unidade de escudo melhorada,Используй улучшенный щит,使用一个升级的屏蔽单元
23,8,NO,ANY,1200,2000,Oro,Consigue #VALUE# de oro en una misma partida,Get #VALUE# pieces of gold in a single game,Aconsegueix #VALUE# d'or en una mateixa partida,Obtenez #VALUE# pièces d'or en une seule partie,Sammle #VALUE# Goldstücke in einem einzelnen Spiel.,Ottieni #VALUE# pepite d'oro in un'unica partita,Obtenha #VALUE# pepitas de ouro,Набери #VALUE# слитков золота за одну игру,在单次游戏中获得#VALUE#块黄金
24,8,YES,ANY,10,10,AlienKilledWithMine,Acaba con #VALUE# aliens utilizando minas,Destroy #VALUE# aliens using mines,Acaba amb #VALUE# aliens utilitzant mines,Détruisez #VALUE# extraterrestres avec les mines,Vernichte #VALUE# Aliens mit Minen.,Distruggi #VALUE# alieni usando le mine,Destrua #VALUE# alienígenas usando minas,Уничтожь #VALUE# ксеносов с помощью мин,用矿藏消灭#VALUE#个外星人
25,9,NO,ANY,10,10,Rachas_Consecutivas,Encadena #VALUE# rachas de oro consecutivas,Chain #VALUE# consecutive gold streaks,Encadena #VALUE# ratxes d'or consecutives,Enchaînez #VALUE# séries d'or consécutives,Verknüpfe #VALUE# aufeinanderfolgende Goldserien miteinander.,Consegui #VALUE# serie di oro consecutive,Realize #VALUE# sequências de ouro consecutivas,Соедини #VALUE# идущих подряд золотых жил,链接#VALUE#块连续的金条
26,9,YES,ANY,2,2,AlienKilledWithShield,Acaba con #VALUE# aliens utilizando escudos,Destroy #VALUE# aliens using shields,Acaba amb #VALUE# aliens utilitzant escuts,Détruisez #VALUE# extraterrestres avec le bouclier,Vernichte #VALUE# Aliens mit Schilden.,Distruggi #VALUE# alieni usando gli scudi,Destrua #VALUE# alienígenas usando escudos,Уничтожь #VALUE# ксеносов с помощью щитов,用屏蔽消灭#VALUE#个外星人
27,9,YES,ANY,30,40,megagold,Recolecta #VALUE# mega-oros,Collect #VALUE# mega-gold pieces,Recol·lecta #VALUE# mega-ors,Récupérez #VALUE# méga pièces d'or,Sammle #VALUE# Mega-Goldstücke.,Raccogli #VALUE# mega pepite d'oro,Colete #VALUE# megapepitas de ouro,Собери #VALUE# суперслитков золота,收集#VALUE#个巨型金块
28,10,NO,ANY,1,1,Laser,Atraviesa un sensor laser sin morir en el intento,Cross a laser canon without dying,Travessa un sensor laser sense morir a l'intent,Franchissez un canon laser sans mourir,"Passiere eine Laserkanone, ohne zu sterben.",Supera un cannone laser senza morire,Passe por um canhão laser sem morrer,"Минуй лазерную пушку, не погибнув",穿越一个激光炮却不阵亡
29,10,YES,ANY,boost_meters_tier2*6,boost_meters_tier2*6,Boost_travel,Desciende #VALUE#m utilizando unidades propulsoras,Go down #VALUE#m using boost units,Baixa #VALUE#m fent servir unitats propulsores,Descendez de #VALUE#m avec des unités de propulsion,Verwende Booster und grabe damit #VALUE#m tief,Scendi per #VALUE#m usando le unità di potenziamento,Desça #VALUE#m usando unidades de reforço,Накопай #VALUE#m с помощью ускорителей,使用加成单元下降#VALUE#米
30,10,YES,ANY,15,15,Enemigos,Destruye a #VALUE# criaturas alien,Destroy #VALUE# aliens,Destrueix #VALUE# criatures alien,Détruisez #VALUE# extraterrestres,Vernichte #VALUE# Aliens.,Distruggi #VALUE# alieni,Destrua #VALUE# alienígenas,Уничтожь #VALUE# ксеносов,消灭#VALUE#个外星人
31,11,NO,ANY,,,PowerLevel3Used,Utiliza un poder de nivel 3 de cualquier agente,Use any agent's level 3 power,Utilitza un poder de nivell 3 de qualsevol agent,Utilisez la compétence niveau 3 d'un agent,Verwende die Spezialfähigkeit der Stufe 3 eines beliebigen Agenten.,Usa il potere di qualsiasi agente di livello 3 ,Use um poder nível 3 de qualquer agente ,Используй любой навык агента 3 уровня ,使用任何特工的第3级能量 
32,11,NO,ANY,1200,1600,Distancia,Desciende #VALUE#m en una misma partida,Go down #VALUE#m in a single game,Baixa #VALUE#m en una mateixa partida,Descendez de #VALUE#m en une seule partie,Grabe #VALUE#m tief in einem einzelnen Spiel.,Scendi per #VALUE#m in un'unica partita,Desça #VALUE#m em um único jogo,Накопай #VALUE#m за одну игру,在单次游戏中下降#VALUE#米
33,11,YES,ANY,50,60,Minas,Activa #VALUE# minas,Activate #VALUE# mines,Activa #VALUE# mines,Activez #VALUE# mines,Aktiviere #VALUE# Minen.,Attiva #VALUE# mine,Ative #VALUE# minas,Активируй #VALUE# мин,激活#VALUE#个矿井
34,12,YES,ANY,10,10,PowerFearEffect,Utiliza el poder de Alduco para asustar a #VALUE# aliens,Use Alduco's power to scare #VALUE# aliens,Utilitza el poder de l'Alduco per espantar a #VALUE# aliens,Utilisez le pouvoir d'Alduco pour faire peur à #VALUE# extraterrestres,"Verwende Alducos Spezialfähigkeit, um #VALUE# Aliens zu erschrecken.",Usa il potere di Alduco per spaventare #VALUE# alieni,Use o poder de Alduco para assustar #VALUE# alienígenas,"Используй навык Эльдако, чтобы распугать #VALUE# ксеносов",使用Alduco的能量来惊吓#VALUE#个外星人
35,12,NO,ANY,25,50,megagold,Recolecta #VALUE# mega-oros en la misma partida,Collect #VALUE# mega-gold pieces in a single game,Recol·lecta #VALUE# mega-ors en una mateixa partida,Récupérez #VALUE# méga pièces d'or en une seule partie,Sammle #VALUE# Mega-Goldstücke in einem einzelnen Spiel.,Raccogli #VALUE# mega pepite d'oro in un'unica partita,Colete #VALUE# megapepitas de ouro em um único jogo,Собери #VALUE# суперслитков золота за одну игру,在单次游戏中收集#VALUE#个巨型金块
36,12,YES,ANY,20,20,Enemigos_escape,Escapa de #VALUE# aliens perseguidores,Escape from #VALUE# persecutor aliens,Escapa de #VALUE# aliens perseguidors,Échappez à #VALUE# extraterrestres persécuteurs,Entkomme #VALUE# Jäger-Aliens.,Fuggi da #VALUE# alieni persecutori,Fuja de #VALUE# alienígenas perseguidores,Сбеги от #VALUE# ксеносов-гончих,逃离#VALUE#个迫害型外星人
37,13,YES,ANY,60,70,Arenisca,Deslízate por #VALUE# bloques de arenisca,Sprint across #VALUE# blocks of sandstone,Llisca't per #VALUE# blocs d'arenisca﻿,Courez à travers #VALUE# blocs de sable,Sprinte über #VALUE# Sandsteinblöcke.,Sfreccia attraverso #VALUE# blocchi di arenaria,Corra através de #VALUE# blocos de areia,Пробеги по #VALUE# песчаным блокам,冲刺穿过#VALUE#块砂岩
38,13,YES,ANY,10,10,Enemigos_crepusculo,Aplasta #VALUE# aliens escupidores,Crush #VALUE# spitter aliens,Aixafa #VALUE# aliens escupidors,Écrabouillez #VALUE# extraterrestres mitosiques,Zerquetsche #VALUE# Spitter-Aliens.,Schiaccia #VALUE# alieni divisori,Esmague #VALUE# alienígenas divisores,Сокруши #VALUE# ксеносов-секачей,粉碎#VALUE#个分形外星人
39,13,NO,ANY,500,500,AlienNoCrush,Recorre los primeros #VALUE#m sin aplastar ningún alien,Go down #VALUE#m without crushing any aliens,Recorre els primers #VALUE#m sense aixafar cap alien,Descendez #VALUE#m sans écrabouiller d'extraterrestre,"Grabe #VALUE#m tief, ohne ein Alien zu zerquetschen.",Scendi per #VALUE#m senza schiacciare alcun alieno,Desça #VALUE#m sem esmagar alienígenas,"Набери #VALUE#m, не раздавив ни одного ксеноса",不粉碎任何外星人并下降#VALUE#米
40,14,NO,ANY,2500,3000,Oro,Consigue #VALUE# de oro en una misma partida,Get #VALUE# pieces of gold in a single game,Aconsegueix #VALUE# d'or en una mateixa partida,Obtenez #VALUE# pièces d'or en une seule partie,Sammle #VALUE# Goldstücke in einem einzelnen Spiel.,Ottieni #VALUE# pepite d'oro in un'unica partita,Obtenha #VALUE# pepitas de ouro em um único jogo,Набери #VALUE# слитков золота за одну игру,在单次游戏中获得#VALUE#块黄金
41,14,YES,ANY,20,20,AlienKilledWithMine,Acaba con #VALUE# aliens utilizando minas,Kill #VALUE# aliens using mines,Acaba amb #VALUE# aliens utilitzant mines,Tuez #VALUE# extraterrestres avec les mines,Töte #VALUE# Aliens mit Minen.,Uccidi #VALUE# alieni usando le mine,Mate #VALUE# alienígenas usando minas,Убей #VALUE# ксеносов с помощью мин,用矿藏杀掉#VALUE#个外星人
42,14,YES,ANY,2,4,LaserDestroyed,Destruye #VALUE# sensores laser,Destroy #VALUE# canon lasers,Destrueix #VALUE# sensors laser,Détruisez #VALUE# canons laser,Zerstöre #VALUE# Laserkanonen.,Distruggi #VALUE# cannoni laser,Destrua #VALUE# canhões laser,Уничтожь лазерные пушки - #VALUE#,消灭#VALUE#个激光炮
43,15,NO,ANY,15,15,Rachas_Consecutivas,Encadena #VALUE# rachas de oro consecutivas,Chain #VALUE# consecutive gold streaks,Aconsegueix #VALUE# ratxes d'or consecutives,Enchaînez #VALUE# séries d'or consécutives,Verknüpfe #VALUE# aufeinanderfolgende Goldserien miteinander.,Consegui #VALUE# serie di oro consecutive,Realize #VALUE# sequências de ouro consecutivas,Соедини #VALUE# последовательных золотых жил,链接#VALUE#块连续的金条
44,15,NO,ANY,shield_tier4,shield_tier4,Escudo_seconds,Utiliza un escudo mejorado de nivel 3,Use a level 3 shield unit,Utilitza un escut millorat de nivell 3,Utilisez une unité de bouclier de niveau 3,Verwende einen Schild der Stufe 3.,Usa un'unità di scudo di livello 3,Use uma unidade de escudo nível 3,Используй щит 3 уровня,使用一个第3级屏蔽单元
45,15,YES,ANY,2,4,Enemigos_carniboron,Acaba con #VALUE# alien carnívoros,Kill #VALUE# carnivorous aliens,Acaba amb #VALUE# alien carnívors,Tuez #VALUE# extraterrestres carnivores,Töte #VALUE# fleischfressende Aliens.,Uccidi #VALUE# alieni carnivori,Mate #VALUE# alienígenas carnívoros,Убей #VALUE# ксеносов-хищников,杀掉#VALUE#个食肉型外星人
46,16,NO,ANY,1800,2500,Distancia,Desciende #VALUE#m en una misma partida,Go down #VALUE#m in a single game,Baixa #VALUE#m en una mateixa partida,Descendez de #VALUE#m en une seule partie,Grabe #VALUE#m tief in einem einzelnen Spiel.,Scendi per #VALUE#m in un'unica partita,Desça #VALUE#m em um único jogo,Накопай #VALUE#m за одну игру,在单次游戏中下降#VALUE#米
47,16,YES,ANY,5,5,Laser,Atraviesa #VALUE# sensores laser,Cross #VALUE# laser canons,Travessa #VALUE# sensors laser,Franchissez #VALUE# canon laser,Passiere #VALUE# Laserkanonen.,Supera #VALUE# cannoni laser,Passe por #VALUE# canhões laser,Пройди лазерные пушки - #VALUE#,穿越#VALUE#个激光炮
48,16,YES,ANY,15,15,AlienKilledWithShield,Acaba con #VALUE# aliens utilizando escudos,Destroy #VALUE# aliens using shields,Acaba amb #VALUE# aliens utilitzant escuts,Détruisez #VALUE# extraterrestres avec le bouclier,Vernichte #VALUE# Aliens mit Schilden.,Distruggi #VALUE# alieni usando gli scudi,Destrua #VALUE# alienígenas usando escudos,Уничтожь #VALUE# ксеносов с помощью щитов,用屏蔽装置消灭#VALUE#个外星人
49,17,NO,ANY,50,80,megagold,Recolecta #VALUE# mega-oros en la misma partida,Collect #VALUE# mega-gold pieces in a single game,Recol·lecta #VALUE# mega-ors en una mateixa partida,Récupérez #VALUE# méga pièces d'or en une seule partie,Sammle #VALUE# Mega-Goldstücke in einem einzelnen Spiel.,Raccogli #VALUE# mega pepite d'oro in un'unica partita,Colete #VALUE# megapepitas de ouro em um único jogo,Собери #VALUE# суперслитков золота за одну игру,在单次游戏中收集#VALUE#个巨型金块
50,17,YES,ANY,10,10,Robomina_escape,Esquiva a #VALUE# bots de seguridad,Escape from #VALUE# security bots,Esquiva a #VALUE# robots de seguretat,Échappez à #VALUE# robots de sécurité,Entkomme #VALUE# Wächter-Bots.,Fuggi da #VALUE# bot di sicurezza,Fuja de #VALUE# robôs de segurança,Сбеги от #VALUE# охранных ботов,逃离#VALUE#个保安机器人
51,17,YES,ANY,30,30,Enemigos,Destruye a #VALUE# criaturas alien,Destroy #VALUE# alien creatures,Acaba amb #VALUE# criatures alien,Détruisez #VALUE# créatures extraterrestres,Vernichte #VALUE# Aliens.,Distruggi #VALUE# creature aliene,Destrua #VALUE# criaturas alienígenas,Уничтожь #VALUE# ксеносов,消灭#VALUE#个外星生物
52,18,NO,ANY,4000,6000,Oro,Consigue #VALUE# de oro en la misma partida,Get #VALUE# pieces of gold in a single game,Aconsegueix #VALUE# d'or en una mateixa partida,Obtenez #VALUE# pièces d'or en une seule partie,Sammle #VALUE# Goldstücke in einem einzelnen Spiel.,Ottieni #VALUE# pepite d'oro in un'unica partita,Obtenha #VALUE# pepitas de ouro em um único jogo,Набери #VALUE# слитков золота за одну игру,在单次游戏中获得#VALUE#块黄金
53,18,NO,ANY,50,70,Arenisca,Deslízate por #VALUE# bloques de arenisca en la misma partida,Slide down #VALUE# blocks of sandstone in a single game,Llisca't per #VALUE# blocs d'arenisca en una mateixa partida,Glissez à travers #VALUE# blocs de sable en une seule partie,Rutsche #VALUE# Sandsteinblocks in einem einzelnen Spiel hinab.,Fai scorrere verso il basso #VALUE# blocchi di arenaria in un'unica partita,Escorregue por baixo de #VALUE# blocos de areia em um único jogo,Сбрось #VALUE# песчаных блоков за одну игру,在单次游戏中滑下#VALUE#块砂岩
54,18,YES,ANY,20,20,Enemigos_escape,Escapa de #VALUE# aliens persecutores,Escape from #VALUE# persecutor aliens,Escapa de #VALUE# aliens perseguidors,Échappez à #VALUE# extraterrestres persécuteurs,Entkomme #VALUE# Jäger-Aliens.,Fuggi da #VALUE# alieni persecutori,Fuja de #VALUE# alienígenas perseguidores,Сбеги от #VALUE# ксеносов-гончих,逃离#VALUE#个迫害型外星人
55,19,YES,ANY,100,150,megagold,Recolecta #VALUE# mega-oros,Collect #VALUE# mega-gold pieces,Recol·lecta #VALUE# mega-ors,Récupérez #VALUE# méga pièces d'or,Sammle #VALUE# Mega-Goldstücke.,Raccogli #VALUE# mega pepite d'oro,Colete #VALUE# megapepitas de ouro,Собери #VALUE# суперслитков золота,收集#VALUE#个巨型金块
56,19,YES,ANY,50,50,AlienKilledWithMine,Acaba con #VALUE# aliens utilizando minas,Kill #VALUE# aliens using mines,Acaba amb #VALUE# aliens utilitzant mines,Détruisez #VALUE# extraterrestres avec les mines,Töte #VALUE# Aliens mit Minen.,Distruggi #VALUE# alieni usando le mine,Destrua #VALUE# alienígenas usando minas,Уничтожь #VALUE# ксеносов с помощью мин,用矿藏消灭#VALUE#个外星人
57,19,NO,ANY,,,EnteredVariationD,Llega a las profundidades del planeta,Reach the deepest planet zone,Arriba a les profunditats del planeta,Atteignez la zone de la planète la plus profonde,Erreiche die tiefste Zone des Planeten.,Raggiungi la zona più profonda del pianeta,Alcance a zona mais profunda do planeta,Достигни самого глубокого пласта недр планеты,到达行星最深的区域
58,20,YES,ANY,30,30,Rachas,Consigue #VALUE# rachas de oro,Attain #VALUE# gold streaks,Aconsegueix #VALUE# ratxes d'or,Obtenez une série d'or de #VALUE#,Erreiche #VALUE# Goldserien.,Consegui una serie da #VALUE# pepite d'oro,Atinja #VALUE# sequências de ouro,Разработай #VALUE# золотых жил,获得#VALUE#块金条
59,20,NO,ANY,50,50,Minas,Activa #VALUE# minas en una misma partida,Activate #VALUE# mines in a single game,Activa #VALUE# mines en una mateixa partida,Activez #VALUE# mines en une seule partie,Aktiviere #VALUE# Minen in einem einzelnen Spiel.,Attiva #VALUE# mine in un'unica partita,Ative #VALUE# minas em um único jogo,Активируй #VALUE# мин за одну игру,在单次游戏中激活#VALUE#个矿井
60,20,NO,ANY,700,700,AlienNoCrush,Recorre los primeros #VALUE#m sin aplastar ningún alien,Don't crush any aliens in your first #VALUE#m ,Recorre els primers #VALUE#m sense aixafar cap alien,N'écrabouillez aucun extraterrestre durant les premiers #VALUE#m,Zerquetsche keine Aliens auf den ersten #VALUE#m.,Non schiacciare alcun alieno nei primi #VALUE#m,Não esmague alienígenas em seus primeiros #VALUE#m ,Не раздави ни одного ксеноса в своих первых #VALUE#m ,在你开始的#VALUE#米不要粉碎任何外星人 
61,21,YES,ANY,boost_meters_tier2*10,boost_meters_tier2*10,Boost_travel,Desciende #VALUE#m utilizando unidades propulsoras,Go down #VALUE#m using boost units,Baixa #VALUE#m fent servir unitats propulsores,Descendez de #VALUE#m avec des unités de propulsion,Verwende Booster und grabe damit #VALUE#m tief,Scendi per #VALUE#m usando le unità di potenziamento,Desça #VALUE#m usando unidades de reforço,Накопай #VALUE#m с помощью ускорителей,使用加成单元下降#VALUE#米
62,21,NO,ANY,6500,7500,Oro,Consigue #VALUE# de oro en una misma partida,Get #VALUE# pieces of gold in a single game,Aconsegueix #VALUE# d'or en una mateixa partida,Obtenez #VALUE# pièces d'or en une seule partie,Sammle #VALUE# Goldstücke in einem einzelnen Spiel.,Ottieni #VALUE# pepite d'oro in un'unica partita,Obtenha #VALUE# pepitas de ouro em um único jogo,Набери #VALUE# слитков золота за одну игру,在单次游戏中获得#VALUE#块黄金
63,21,YES,ANY,4,4,Enemigos_carniboron,Acaba con #VALUE# alien carnívoros,Kill #VALUE# carnivorous aliens,Acaba amb #VALUE# alien carnívors,Tuez #VALUE# extraterrestres carnivores,Töte #VALUE# fleischfressende Aliens.,Uccidi #VALUE# alieni carnivori,Mate #VALUE# alienígenas carnívoros,Убей #VALUE# ксеносов-хищников,杀掉#VALUE#个食肉型外星人
64,22,YES,ANY,100,100,Arenisca,Deslízate por #VALUE# bloques de arenisca,Sprint across #VALUE# blocks of sandstone,Llisca't per #VALUE# blocs d'arenisca,Courez à travers #VALUE# blocs de sable,Sprinte über #VALUE# Sandsteinblöcke.,Sfreccia attraverso #VALUE# blocchi di arenaria,Corra através de #VALUE# blocos de areia,Пробеги по #VALUE# песчаным блокам,冲刺穿过#VALUE#块砂岩
65,22,YES,ANY,25,25,AlienKilledWithShield,Acaba con #VALUE# aliens utilizando escudos,Destroy #VALUE# aliens using shields,Acaba amb #VALUE# aliens utilitzant escuts,Détruisez #VALUE# extraterrestres avec le bouclier,Vernichte #VALUE# Aliens mit Schilden.,Distruggi #VALUE# alieni usando gli scudi,Destrua #VALUE# alienígenas usando escudos,Уничтожь #VALUE# ксеносов с помощью щитов,用屏蔽装置消灭#VALUE#个外星人
66,22,NO,ANY,shield_tier5,shield_tier5,Escudo_seconds,Utiliza un escudo mejorado de nivel 4,Use a level 4 shield unit,Utilitza un escut millorat de nivell 4,Utilisez une unité de bouclier de niveau 4,Verwende einen Schild der Stufe 4.,Usa un'unità di scudo di livello 4,Use uma unidade de escudo nível 4,Используй щит 4 уровня,使用一个第4级屏蔽单元
67,23,YES,ANY,20,20,PowerFearEffect,Utiliza el poder de Alduco para asustar a #VALUE# aliens,Use Alduco's power to scare #VALUE# aliens,Utilitza el poder de l'Alduco per espantar a #VALUE# aliens,Utilisez le pouvoir d'Alduco pour faire peur à #VALUE# extraterrestres,"Verwende Alducos Spezialfähigkeit, um #VALUE# Aliens zu erschrecken.",Usa il potere di Alduco per spaventare #VALUE# alieni,Use o poder de Alduco para assustar #VALUE# alienígenas,"Используй навык Эльдако, чтобы распугать #VALUE# ксеносов",使用Alduco的能量来惊吓#VALUE#个外星人
68,23,YES,ANY,80,80,AlienKilledWithMine,Acaba con #VALUE# aliens utilizando minas,Kill #VALUE# aliens using mines,Acaba amb #VALUE# aliens utilitzant mines,Tuez #VALUE# extraterrestres avec les mines,Töte #VALUE# Aliens mit Minen.,Uccidi #VALUE# alieni usando le mine,Mate #VALUE# alienígenas usando minas,Убей #VALUE# ксеносов с помощью мин,用矿藏杀掉#VALUE#个外星人
69,23,NO,ANY,100,100,megagold,Recolecta #VALUE# mega-oros en una misma partida,Collect #VALUE# mega-gold pieces in a single game,Recol·lecta #VALUE# mega-ors en una mateixa partida,Récupérez #VALUE# méga pièces d'or en une seule partie,Sammle #VALUE# Mega-Goldstücke in einem einzelnen Spiel.,Raccogli #VALUE# mega pepite d'oro in un'unica partita,Colete #VALUE# megapepitas de ouro em um único jogo,Собери #VALUE# суперслитков золота за одну игру,在单次游戏中收集#VALUE#个巨型金块
70,24,YES,ANY,60,60,Enemigos_escape,Escapa de #VALUE# aliens persecutores,Escape from #VALUE# persecutor aliens,Escapa de #VALUE# aliens perseguidors,Échappez à #VALUE# extraterrestres persécuteurs,Entkomme #VALUE# Jäger-Aliens.,Fuggi da #VALUE# alieni persecutori,Fuja de #VALUE# alienígenas perseguidores,Сбеги от #VALUE# ксеносов-гончих,逃离#VALUE#个迫害型外星人
71,24,NO,ANY,100,100,Minas,Activa #VALUE# minas en una misma partida,Activate #VALUE# mines in a single game,Activa #VALUE# mines en una mateixa partida,Activez #VALUE# mines en une seule partie,Aktiviere #VALUE# Minen in einem einzelnen Spiel.,Attiva #VALUE# mine in un'unica partita,Ative #VALUE# minas em um único jogo,Активируй #VALUE# мин за одну игру,在单次游戏中激活#VALUE#个矿井
72,24,YES,ANY,10,10,Laser,Atraviesa #VALUE# sensores laser,Cross #VALUE# laser canons,Travessa #VALUE# sensors laser,Franchissez #VALUE# canon laser,Passiere #VALUE# Laserkanonen.,Supera #VALUE# cannoni laser,Passe por #VALUE# canhões laser,Пройди лазерные пушки - #VALUE#,穿越#VALUE#个激光炮
73,25,NO,ANY,4000,5000,Distancia,Desciende #VALUE#m en una misma partida,Go down #VALUE#m in a single game,Baixa #VALUE#m en una mateixa partida,Descendez de #VALUE#m en une seule partie,Grabe #VALUE#m tief in einem einzelnen Spiel.,Scendi per #VALUE#m in un'unica partita,Desça #VALUE#m em um único jogo,Накопай #VALUE#m за одну игру,在单次游戏中下降#VALUE#米
74,25,NO,ANY,50,50,Enemigos,Acaba con #VALUE# criaturas alien en una misma partida,Destroy #VALUE# aliens in a single game,Acaba amb #VALUE# criatures alien en una mateixa partida,Détruisez #VALUE# extraterrestres en une seule partie,Vernichte #VALUE# Aliens in einem einzelnen Spiel,Distruggi #VALUE# alieni in un'unica partita,Destrua #VALUE# alienígenas em um único jogo,Уничтожь #VALUE# ксеносов золота за одну игру,消灭#VALUE#个外星人 个巨型金块
75,25,YES,ANY,boost_meters_tier3*10,boost_meters_tier3*10,Boost_travel,Desciende #VALUE#m utilizando unidades propulsoras,Go down #VALUE#m using boost units,Baixa #VALUE#m fent servir unitats propulsores,Descendez de #VALUE#m avec des unités de propulsion,Verwende Booster und grabe damit #VALUE#m tief,Scendi per #VALUE#m usando le unità di potenziamento,Desça #VALUE#m usando unidades de reforço,Накопай #VALUE#m с помощью ускорителей,使用加成单元下降#VALUE#米